{
    "type": "minecraft:vegetation_patch",
    "config": {
        "depth": 1,
        "extra_bottom_block_chance": 0,
        "extra_edge_column_chance": 0.5,
        "ground_state": {
            "type": "minecraft:weighted_state_provider",
            "entries": [
                {
                    "data": {
                        "Name": "minecraft:mud"
                    },
                    "weight": 800000
                },
                {
                    "data": {
                        "Name": "minecraft:grass_block",
                        "Properties": {
                            "snowy": "false"
                        }
                    },
                    "weight": 160000
                },
                {
                    "data": {
                        "Name": "minecraft:podzol",
                        "Properties": {
                            "snowy": "false"
                        }
                    },
                    "weight": 39999
                },
                {
                    "data": {
                        "Name": "minecraft:gray_concrete"
                    },
                    "weight": 1
                }
            ]
        },
        "replaceable": "#terralith:mud",
        "surface": "floor",
        "vegetation_chance": 0,
        "vegetation_feature": "terralith:nothing",
        "vertical_range": 1,
        "xz_radius": {
            "type": "minecraft:uniform",
            "min_inclusive": 1,
            "max_inclusive": 3
        }
    }
}