{
    "type": "minecraft:vegetation_patch",
    "config": {
        "depth": 2,
        "extra_bottom_block_chance": 0,
        "extra_edge_column_chance": 0.3,
        "ground_state": {
            "type": "minecraft:simple_state_provider",
            "state": {
                "Name": "minecraft:moss_block"
            }
        },
        "replaceable": "#terralith:calcite_moss",
        "surface": "floor",
        "vegetation_chance": 0.02,
        "vegetation_feature": {
            "feature": "terralith:cliffs/white/moss_vegetation",
            "placement": []
        },
        "vertical_range": 5,
        "xz_radius": {
            "type": "minecraft:uniform",
            "min_inclusive": 4,
            "max_inclusive": 7
        }
    }
}