{
    "type": "minecraft:dripstone_cluster",
    "config": {
        "chance_of_dripstone_column_at_max_distance_from_center": 0.5,
        "density": 0.1,
        "dripstone_block_layer_thickness": 1,
        "floor_to_ceiling_search_range": 256,
        "height": {
            "type": "minecraft:biased_to_bottom",
            "min_inclusive": 1,
            "max_inclusive": 1
        },
        "height_deviation": 1,
        "max_distance_from_center_affecting_height_bias": 2,
        "max_distance_from_edge_affecting_chance_of_dripstone_column": 1,
        "max_stalagmite_stalactite_height_diff": 1,
        "radius": {
            "type": "minecraft:clamped",
            "min_inclusive": 1,
            "max_inclusive": 1,
            "source": {
                "type": "minecraft:biased_to_bottom",
                "min_inclusive": -3,
                "max_inclusive": 5
            }
        },
        "wetness": 0
    }
}