{
    "type": "minecraft:block_column",
    "config": {
        "allowed_placement": {
            "type": "minecraft:matching_blocks",
            "blocks": [
                "minecraft:air"
            ]
        },
        "direction": "down",
        "layers": [
            {
                "height": {
                    "type": "minecraft:weighted_list",
                    "distribution": [
                        {
                            "data": {
                                "type": "minecraft:biased_to_bottom",
                                "min_inclusive": 0,
                                "max_inclusive": 55
                            },
                            "weight": 3
                        },
                        {
                            "data": {
                                "type": "minecraft:uniform",
                                "min_inclusive": 0,
                                "max_inclusive": 15
                            },
                            "weight": 36
                        },
                        {
                            "data": {
                                "type": "minecraft:uniform",
                                "min_inclusive": 0,
                                "max_inclusive": 8
                            },
                            "weight": 110
                        }
                    ]
                },
                "provider": {
                    "type": "minecraft:weighted_state_provider",
                    "entries": [
                        {
                            "data": {
                                "Name": "minecraft:cave_vines_plant",
                                "Properties": {
                                    "berries": "false"
                                }
                            },
                            "weight": 4
                        },
                        {
                            "data": {
                                "Name": "minecraft:cave_vines_plant",
                                "Properties": {
                                    "berries": "true"
                                }
                            },
                            "weight": 1
                        }
                    ]
                }
            },
            {
                "height": 1,
                "provider": {
                    "type": "minecraft:randomized_int_state_provider",
                    "property": "age",
                    "source": {
                        "type": "minecraft:weighted_state_provider",
                        "entries": [
                            {
                                "data": {
                                    "Name": "minecraft:cave_vines",
                                    "Properties": {
                                        "age": "0",
                                        "berries": "false"
                                    }
                                },
                                "weight": 4
                            },
                            {
                                "data": {
                                    "Name": "minecraft:cave_vines",
                                    "Properties": {
                                        "age": "0",
                                        "berries": "true"
                                    }
                                },
                                "weight": 1
                            }
                        ]
                    },
                    "values": {
                        "type": "minecraft:uniform",
                        "min_inclusive": 23,
                        "max_inclusive": 25
                    }
                }
            }
        ],
        "prioritize_tip": true
    }
}