{
    "feature": "terralith:volcano/lava_lakes",
    "placement": [
        {
            "type": "minecraft:count",
            "count": 20
        },
        {
            "type": "minecraft:count",
            "count": 30
        },
        {
            "type": "minecraft:in_square"
        },
        {
            "type": "minecraft:heightmap",
            "heightmap": "WORLD_SURFACE_WG"
        },
        {
            "type": "minecraft:biome"
        },
        {
            "type": "minecraft:count",
            "count": {
                "type": "minecraft:uniform",
                "min_inclusive": 10,
                "max_inclusive": 10
            }
        },
        {
            "type": "minecraft:random_offset",
            "xz_spread": {
                "type": "minecraft:uniform",
                "min_inclusive": -4,
                "max_inclusive": 4
            },
            "y_spread": 0
        },
        {
            "type": "minecraft:environment_scan",
            "direction_of_search": "down",
            "max_steps": 6,
            "target_condition": {
                "type": "minecraft:all_of",
                "predicates": [
                    {
                        "type": "minecraft:not",
                        "predicate": {
                            "type": "minecraft:any_of",
                            "predicates": [
                                {
                                    "type": "minecraft:matching_blocks",
                                    "blocks": [
                                        "minecraft:gravel",
                                        "minecraft:air",
                                        "water"
                                    ],
                                    "offset": [
                                        -1,
                                        0,
                                        0
                                    ]
                                },
                                {
                                    "type": "minecraft:matching_blocks",
                                    "blocks": [
                                        "minecraft:gravel",
                                        "minecraft:air",
                                        "water"
                                    ],
                                    "offset": [
                                        1,
                                        0,
                                        0
                                    ]
                                },
                                {
                                    "type": "minecraft:matching_blocks",
                                    "blocks": [
                                        "minecraft:gravel",
                                        "minecraft:air",
                                        "water"
                                    ],
                                    "offset": [
                                        0,
                                        0,
                                        -1
                                    ]
                                },
                                {
                                    "type": "minecraft:matching_blocks",
                                    "blocks": [
                                        "minecraft:gravel",
                                        "minecraft:air",
                                        "water"
                                    ],
                                    "offset": [
                                        0,
                                        0,
                                        1
                                    ]
                                },
                                {
                                    "type": "minecraft:matching_blocks",
                                    "blocks": [
                                        "minecraft:gravel",
                                        "minecraft:air",
                                        "water"
                                    ],
                                    "offset": [
                                        -1,
                                        0,
                                        -1
                                    ]
                                },
                                {
                                    "type": "minecraft:matching_blocks",
                                    "blocks": [
                                        "minecraft:gravel",
                                        "minecraft:air",
                                        "water"
                                    ],
                                    "offset": [
                                        1,
                                        0,
                                        1
                                    ]
                                },
                                {
                                    "type": "minecraft:matching_blocks",
                                    "blocks": [
                                        "minecraft:gravel",
                                        "minecraft:air",
                                        "water"
                                    ],
                                    "offset": [
                                        1,
                                        0,
                                        -1
                                    ]
                                },
                                {
                                    "type": "minecraft:matching_blocks",
                                    "blocks": [
                                        "minecraft:gravel",
                                        "minecraft:air",
                                        "water"
                                    ],
                                    "offset": [
                                        -1,
                                        0,
                                        1
                                    ]
                                }
                            ]
                        }
                    },
                    {
                        "type": "minecraft:matching_blocks",
                        "blocks": [
                            "minecraft:smooth_basalt",
                            "minecraft:basalt"
                        ],
                        "offset": [
                            0,
                            0,
                            0
                        ]
                    },
                    {
                        "type": "minecraft:not",
                        "predicate": {
                            "type": "minecraft:any_of",
                            "predicates": [
                                {
                                    "type": "minecraft:matching_blocks",
                                    "blocks": [
                                        "minecraft:smooth_basalt",
                                        "minecraft:basalt",
                                        "blackstone",
                                        "gravel",
                                        "stone",
                                        "minecraft:grass_block",
                                        "minecraft:dirt",
                                        "minecraft:coarse_dirt",
                                        "water"
                                    ],
                                    "offset": [
                                        -1,
                                        1,
                                        0
                                    ]
                                },
                                {
                                    "type": "minecraft:matching_blocks",
                                    "blocks": [
                                        "minecraft:smooth_basalt",
                                        "minecraft:basalt",
                                        "blackstone",
                                        "gravel",
                                        "stone",
                                        "minecraft:grass_block",
                                        "minecraft:dirt",
                                        "minecraft:coarse_dirt",
                                        "water"
                                    ],
                                    "offset": [
                                        1,
                                        1,
                                        0
                                    ]
                                },
                                {
                                    "type": "minecraft:matching_blocks",
                                    "blocks": [
                                        "minecraft:smooth_basalt",
                                        "minecraft:basalt",
                                        "blackstone",
                                        "gravel",
                                        "stone",
                                        "minecraft:grass_block",
                                        "minecraft:dirt",
                                        "minecraft:coarse_dirt",
                                        "water"
                                    ],
                                    "offset": [
                                        0,
                                        1,
                                        -1
                                    ]
                                },
                                {
                                    "type": "minecraft:matching_blocks",
                                    "blocks": [
                                        "minecraft:smooth_basalt",
                                        "minecraft:basalt",
                                        "blackstone",
                                        "gravel",
                                        "stone",
                                        "minecraft:grass_block",
                                        "minecraft:dirt",
                                        "minecraft:coarse_dirt",
                                        "water"
                                    ],
                                    "offset": [
                                        0,
                                        1,
                                        1
                                    ]
                                },
                                {
                                    "type": "minecraft:matching_blocks",
                                    "blocks": [
                                        "minecraft:smooth_basalt",
                                        "minecraft:basalt",
                                        "blackstone",
                                        "gravel",
                                        "stone",
                                        "minecraft:grass_block",
                                        "minecraft:dirt",
                                        "minecraft:coarse_dirt",
                                        "water"
                                    ],
                                    "offset": [
                                        -1,
                                        1,
                                        -1
                                    ]
                                },
                                {
                                    "type": "minecraft:matching_blocks",
                                    "blocks": [
                                        "minecraft:smooth_basalt",
                                        "minecraft:basalt",
                                        "blackstone",
                                        "gravel",
                                        "stone",
                                        "minecraft:grass_block",
                                        "minecraft:dirt",
                                        "minecraft:coarse_dirt",
                                        "water"
                                    ],
                                    "offset": [
                                        -1,
                                        1,
                                        1
                                    ]
                                },
                                {
                                    "type": "minecraft:matching_blocks",
                                    "blocks": [
                                        "minecraft:smooth_basalt",
                                        "minecraft:basalt",
                                        "blackstone",
                                        "gravel",
                                        "stone",
                                        "minecraft:grass_block",
                                        "minecraft:dirt",
                                        "minecraft:coarse_dirt",
                                        "water"
                                    ],
                                    "offset": [
                                        1,
                                        1,
                                        -1
                                    ]
                                },
                                {
                                    "type": "minecraft:matching_blocks",
                                    "blocks": [
                                        "minecraft:smooth_basalt",
                                        "minecraft:basalt",
                                        "blackstone",
                                        "gravel",
                                        "stone",
                                        "minecraft:grass_block",
                                        "minecraft:dirt",
                                        "minecraft:coarse_dirt",
                                        "water"
                                    ],
                                    "offset": [
                                        1,
                                        1,
                                        1
                                    ]
                                }
                            ]
                        }
                    }
                ]
            }
        }
    ]
}