{
    "feature": {
        "type": "minecraft:vegetation_patch",
        "config": {
            "depth": {
                "type": "minecraft:uniform",
                "min_inclusive": 2,
                "max_inclusive": 3
            },
            "extra_bottom_block_chance": 0,
            "extra_edge_column_chance": 0.5,
            "ground_state": {
                "type": "minecraft:noise_provider",
                "noise": {
                    "amplitudes": [
                        1.3,
                        0.5,
                        1.6,
                        1.725
                    ],
                    "firstOctave": -5
                },
                "scale": 1,
                "seed": 0,
                "states": [
                    {
                        "Name": "minecraft:stone"
                    },
                    {
                        "Name": "minecraft:stone"
                    },
                    {
                        "Name": "minecraft:stone"
                    },
                    {
                        "Name": "minecraft:stone"
                    },
                    {
                        "Name": "minecraft:stone"
                    },
                    {
                        "Name": "minecraft:stone"
                    },
                    {
                        "Name": "minecraft:moss_block"
                    },
                    {
                        "Name": "minecraft:moss_block"
                    },
                    {
                        "Name": "minecraft:moss_block"
                    }
                ]
            },
            "replaceable": "#minecraft:lush_ground_replaceable",
            "surface": "ceiling",
            "vegetation_chance": 0.03,
            "vegetation_feature": "terralith:skylands/summer/vine",
            "vertical_range": 4,
            "xz_radius": {
                "type": "minecraft:uniform",
                "min_inclusive": 0,
                "max_inclusive": 2
            }
        }
    },
    "placement": [
        {
            "type": "minecraft:count",
            "count": 92
        },
        {
            "type": "minecraft:in_square"
        },
        {
            "type": "minecraft:random_offset",
            "xz_spread": {
                "type": "minecraft:uniform",
                "min_inclusive": -8,
                "max_inclusive": 8
            },
            "y_spread": 0
        },
        {
            "type": "minecraft:height_range",
            "height": {
                "type": "minecraft:uniform",
                "min_inclusive": {
                    "absolute": 130
                },
                "max_inclusive": {
                    "absolute": 160
                }
            }
        },
        {
            "type": "minecraft:environment_scan",
            "direction_of_search": "up",
            "max_steps": 32,
            "target_condition": {
                "type": "minecraft:all_of",
                "predicates": [
                    {
                        "type": "minecraft:matching_blocks",
                        "blocks": [
                            "minecraft:stone"
                        ],
                        "offset": [
                            0,
                            1,
                            0
                        ]
                    }
                ]
            }
        },
        {
            "type": "minecraft:biome"
        }
    ]
}