{
    "type": "minecraft:tree",
    "config": {
        "decorators": [
            {
                "type": "minecraft:leave_vine",
                "probability": 0.25
            }
        ],
        "dirt_provider": {
            "type": "minecraft:simple_state_provider",
            "state": {
                "Name": "minecraft:dirt"
            }
        },
        "foliage_placer": {
            "type": "minecraft:acacia_foliage_placer",
            "offset": {
                "type": "minecraft:uniform",
                "min_inclusive": 0,
                "max_inclusive": 1
            },
            "radius": {
                "type": "minecraft:uniform",
                "min_inclusive": 1,
                "max_inclusive": 3
            }
        },
        "foliage_provider": {
            "type": "minecraft:weighted_state_provider",
            "entries": [
                {
                    "data": {
                        "Name": "minecraft:jungle_leaves",
                        "Properties": {
                            "distance": "7",
                            "persistent": "false",
                            "waterlogged": "false"
                        }
                    },
                    "weight": 5
                },
                {
                    "data": {
                        "Name": "minecraft:air"
                    },
                    "weight": 1
                }
            ]
        },
        "force_dirt": false,
        "ignore_vines": true,
        "minimum_size": {
            "type": "minecraft:two_layers_feature_size"
        },
        "sapling_provider": {
            "type": "minecraft:simple_state_provider",
            "state": {
                "Name": "minecraft:oak_sapling",
                "Properties": {
                    "stage": "0"
                }
            }
        },
        "trunk_placer": {
            "type": "minecraft:forking_trunk_placer",
            "base_height": 8,
            "height_rand_a": 16,
            "height_rand_b": 8
        },
        "trunk_provider": {
            "type": "minecraft:simple_state_provider",
            "state": {
                "Name": "minecraft:jungle_wood",
                "Properties": {
                    "axis": "y"
                }
            }
        }
    }
}