{
    "type": "minecraft:tree",
    "config": {
        "decorators": [
            {
                "type": "minecraft:leave_vine",
                "probability": 0.25
            }
        ],
        "dirt_provider": {
            "type": "minecraft:simple_state_provider",
            "state": {
                "Name": "minecraft:dirt"
            }
        },
        "foliage_placer": {
            "type": "minecraft:fancy_foliage_placer",
            "height": 3,
            "offset": {
                "type": "minecraft:uniform",
                "min_inclusive": 1,
                "max_inclusive": 1
            },
            "radius": {
                "type": "minecraft:uniform",
                "min_inclusive": 5,
                "max_inclusive": 7
            }
        },
        "foliage_provider": {
            "type": "minecraft:simple_state_provider",
            "state": {
                "Name": "minecraft:jungle_leaves",
                "Properties": {
                    "distance": "7",
                    "persistent": "false",
                    "waterlogged": "false"
                }
            }
        },
        "force_dirt": false,
        "ignore_vines": true,
        "minimum_size": {
            "type": "minecraft:two_layers_feature_size"
        },
        "sapling_provider": {
            "type": "minecraft:simple_state_provider",
            "state": {
                "Name": "minecraft:oak_sapling",
                "Properties": {
                    "stage": "0"
                }
            }
        },
        "trunk_placer": {
            "type": "minecraft:forking_trunk_placer",
            "base_height": 32,
            "height_rand_a": 0,
            "height_rand_b": 0
        },
        "trunk_provider": {
            "type": "minecraft:simple_state_provider",
            "state": {
                "Name": "minecraft:jungle_log",
                "Properties": {
                    "axis": "y"
                }
            }
        }
    }
}