{
    "feature": {
        "type": "minecraft:vegetation_patch",
        "config": {
            "depth": {
                "type": "minecraft:uniform",
                "min_inclusive": 7,
                "max_inclusive": 9
            },
            "extra_bottom_block_chance": 0.5,
            "extra_edge_column_chance": 0.65,
            "ground_state": {
                "type": "minecraft:noise_provider",
                "noise": {
                    "amplitudes": [
                        1.2,
                        0.9,
                        1.1,
                        2.0,
                        0,
                        4.0
                    ],
                    "firstOctave": -5
                },
                "scale": 1,
                "seed": 111,
                "states": [
                    {
                        "Name": "minecraft:granite"
                    },
                    {
                        "Name": "minecraft:diorite"
                    },
                    {
                        "Name": "minecraft:andesite"
                    },
                    {
                        "Name": "minecraft:deepslate"
                    },
                    {
                        "Name": "minecraft:deepslate"
                    },
                    {
                        "Name": "minecraft:deepslate"
                    },
                    {
                        "Name": "minecraft:tuff"
                    },
                    {
                        "Name": "minecraft:smooth_basalt"
                    },
                    {
                        "Name": "minecraft:blackstone"
                    },
                    {
                        "Name": "minecraft:blackstone"
                    },
                    {
                        "Name": "minecraft:blackstone"
                    },
                    {
                        "Name": "minecraft:blackstone"
                    },
                    {
                        "Name": "minecraft:blackstone"
                    },
                    {
                        "Name": "minecraft:blackstone"
                    },
                    {
                        "Name": "minecraft:blackstone"
                    }
                ]
            },
            "replaceable": "#terralith:deepslate",
            "surface": "floor",
            "vegetation_chance": 0,
            "vegetation_feature": "terralith:nothing",
            "vertical_range": 5,
            "xz_radius": {
                "type": "minecraft:uniform",
                "min_inclusive": 4,
                "max_inclusive": 5
            }
        }
    },
    "placement": [
        {
            "type": "minecraft:count_on_every_layer",
            "count": 10
        },
        {
            "type": "minecraft:biome"
        }
    ]
}