{
    "type": "minecraft:vegetation_patch",
    "config": {
        "depth": 1,
        "extra_bottom_block_chance": 0.5,
        "extra_edge_column_chance": 0.5,
        "ground_state": {
            "type": "minecraft:weighted_state_provider",
            "entries": [
                {
                    "data": {
                        "Name": "minecraft:podzol",
                        "Properties": {
                            "snowy": "false"
                        }
                    },
                    "weight": 4
                },
                {
                    "data": {
                        "Name": "minecraft:grass_block",
                        "Properties": {
                            "snowy": "false"
                        }
                    },
                    "weight": 1
                }
            ]
        },
        "replaceable": "#terralith:soil",
        "surface": "floor",
        "vegetation_chance": 0,
        "vegetation_feature": {
            "feature": "minecraft:nether_sprouts",
            "placement": []
        },
        "vertical_range": 1,
        "xz_radius": {
            "type": "minecraft:uniform",
            "min_inclusive": 3,
            "max_inclusive": 8
        }
    }
}