{
    "type": "minecraft:random_patch",
    "config": {
        "feature": {
            "feature": {
                "type": "minecraft:block_column",
                "config": {
                    "allowed_placement": {
                        "type": "minecraft:would_survive",
                        "state": {
                            "Name": "minecraft:sugar_cane",
                            "Properties": {
                                "age": "0"
                            }
                        }
                    },
                    "direction": "up",
                    "layers": [
                        {
                            "height": {
                                "type": "minecraft:biased_to_bottom",
                                "min_inclusive": 1,
                                "max_inclusive": 4
                            },
                            "provider": {
                                "type": "minecraft:simple_state_provider",
                                "state": {
                                    "Name": "minecraft:sugar_cane",
                                    "Properties": {
                                        "age": "0"
                                    }
                                }
                            }
                        }
                    ],
                    "prioritize_tip": false
                }
            },
            "placement": [
                {
                    "type": "minecraft:block_predicate_filter",
                    "predicate": {
                        "type": "minecraft:would_survive",
                        "state": {
                            "Name": "minecraft:sugar_cane",
                            "Properties": {
                                "age": "0"
                            }
                        }
                    }
                }
            ]
        },
        "tries": 20,
        "xz_spread": 7,
        "y_spread": 3
    }
}