{
    "feature": "terralith:mountains/scarlet/remove_steep_snow",
    "placement": [
        {
            "type": "minecraft:count",
            "count": 20
        },
        {
            "type": "minecraft:count",
            "count": 30
        },
        {
            "type": "minecraft:in_square"
        },
        {
            "type": "minecraft:random_offset",
            "xz_spread": {
                "type": "minecraft:uniform",
                "min_inclusive": 0,
                "max_inclusive": 0
            },
            "y_spread": 0
        },
        {
            "type": "minecraft:heightmap",
            "heightmap": "WORLD_SURFACE_WG"
        },
        {
            "type": "minecraft:block_predicate_filter",
            "predicate": {
                "type": "minecraft:all_of",
                "predicates": [
                    {
                        "type": "minecraft:matching_blocks",
                        "blocks": [
                            "minecraft:netherrack",
                            "minecraft:deepslate",
                            "minecraft:blackstone",
                            "minecraft:crimson_nylium",
                            "tuff",
                            "deepslate_emerald_ore",
                            "minecraft:snow_block",
                            "deepslate_redstone_ore"
                        ],
                        "offset": [
                            0,
                            -1,
                            0
                        ]
                    },
                    {
                        "type": "minecraft:matching_blocks",
                        "blocks": [
                            "minecraft:snow"
                        ],
                        "offset": [
                            0,
                            0,
                            0
                        ]
                    },
                    {
                        "type": "minecraft:not",
                        "predicate": {
                            "type": "minecraft:all_of",
                            "predicates": [
                                {
                                    "type": "minecraft:matching_blocks",
                                    "blocks": [
                                        "minecraft:air",
                                        "minecraft:snow",
                                        "minecraft:crimson_roots"
                                    ],
                                    "offset": [
                                        1,
                                        1,
                                        0
                                    ]
                                },
                                {
                                    "type": "minecraft:matching_blocks",
                                    "blocks": [
                                        "minecraft:air",
                                        "minecraft:snow",
                                        "minecraft:crimson_roots"
                                    ],
                                    "offset": [
                                        -1,
                                        1,
                                        0
                                    ]
                                },
                                {
                                    "type": "minecraft:matching_blocks",
                                    "blocks": [
                                        "minecraft:air",
                                        "minecraft:snow",
                                        "minecraft:crimson_roots"
                                    ],
                                    "offset": [
                                        0,
                                        1,
                                        1
                                    ]
                                },
                                {
                                    "type": "minecraft:matching_blocks",
                                    "blocks": [
                                        "minecraft:air",
                                        "minecraft:snow",
                                        "minecraft:crimson_roots"
                                    ],
                                    "offset": [
                                        0,
                                        1,
                                        -1
                                    ]
                                },
                                {
                                    "type": "minecraft:matching_blocks",
                                    "blocks": [
                                        "minecraft:air",
                                        "minecraft:snow",
                                        "minecraft:crimson_roots"
                                    ],
                                    "offset": [
                                        1,
                                        2,
                                        0
                                    ]
                                },
                                {
                                    "type": "minecraft:matching_blocks",
                                    "blocks": [
                                        "minecraft:air",
                                        "minecraft:snow",
                                        "minecraft:crimson_roots"
                                    ],
                                    "offset": [
                                        -1,
                                        2,
                                        0
                                    ]
                                },
                                {
                                    "type": "minecraft:matching_blocks",
                                    "blocks": [
                                        "minecraft:air",
                                        "minecraft:snow",
                                        "minecraft:crimson_roots"
                                    ],
                                    "offset": [
                                        0,
                                        2,
                                        1
                                    ]
                                },
                                {
                                    "type": "minecraft:matching_blocks",
                                    "blocks": [
                                        "minecraft:air",
                                        "minecraft:snow",
                                        "minecraft:crimson_roots"
                                    ],
                                    "offset": [
                                        0,
                                        2,
                                        -1
                                    ]
                                }
                            ]
                        }
                    }
                ]
            }
        },
        {
            "type": "minecraft:biome"
        }
    ]
}