{
    "type": "minecraft:delta_feature",
    "config": {
        "contents": {
            "Name": "minecraft:lava",
            "Properties": {
                "level": "0"
            }
        },
        "rim": {
            "Name": "minecraft:andesite"
        },
        "rim_size": {
            "type": "minecraft:uniform",
            "min_inclusive": 0,
            "max_inclusive": 2
        },
        "size": {
            "type": "minecraft:uniform",
            "min_inclusive": 1,
            "max_inclusive": 6
        }
    }
}