{
    "feature": {
        "type": "minecraft:simple_block",
        "config": {
            "to_place": {
                "type": "minecraft:simple_state_provider",
                "state": {
                    "Name": "minecraft:diorite"
                }
            }
        }
    },
    "placement": [
        {
            "type": "minecraft:count",
            "count": {
                "type": "minecraft:uniform",
                "min_inclusive": 15,
                "max_inclusive": 30
            }
        },
        {
            "type": "minecraft:count",
            "count": {
                "type": "minecraft:uniform",
                "min_inclusive": 1,
                "max_inclusive": 3
            }
        },
        {
            "type": "minecraft:random_offset",
            "xz_spread": {
                "type": "minecraft:uniform",
                "min_inclusive": -1,
                "max_inclusive": 1
            },
            "y_spread": {
                "type": "minecraft:uniform",
                "min_inclusive": 0,
                "max_inclusive": 1
            }
        },
        {
            "type": "minecraft:random_offset",
            "xz_spread": {
                "type": "minecraft:uniform",
                "min_inclusive": -1,
                "max_inclusive": 1
            },
            "y_spread": {
                "type": "minecraft:uniform",
                "min_inclusive": 0,
                "max_inclusive": 1
            }
        },
        {
            "type": "minecraft:random_offset",
            "xz_spread": {
                "type": "minecraft:uniform",
                "min_inclusive": -1,
                "max_inclusive": 1
            },
            "y_spread": {
                "type": "minecraft:uniform",
                "min_inclusive": 0,
                "max_inclusive": 1
            }
        },
        {
            "type": "minecraft:random_offset",
            "xz_spread": {
                "type": "minecraft:uniform",
                "min_inclusive": -1,
                "max_inclusive": 1
            },
            "y_spread": {
                "type": "minecraft:uniform",
                "min_inclusive": 0,
                "max_inclusive": 1
            }
        },
        {
            "type": "minecraft:random_offset",
            "xz_spread": {
                "type": "minecraft:uniform",
                "min_inclusive": -1,
                "max_inclusive": 1
            },
            "y_spread": {
                "type": "minecraft:uniform",
                "min_inclusive": 0,
                "max_inclusive": 1
            }
        },
        {
            "type": "minecraft:random_offset",
            "xz_spread": {
                "type": "minecraft:uniform",
                "min_inclusive": -1,
                "max_inclusive": 1
            },
            "y_spread": 0
        },
        {
            "type": "minecraft:random_offset",
            "xz_spread": {
                "type": "minecraft:uniform",
                "min_inclusive": -1,
                "max_inclusive": 1
            },
            "y_spread": 0
        },
        {
            "type": "minecraft:random_offset",
            "xz_spread": {
                "type": "minecraft:uniform",
                "min_inclusive": -1,
                "max_inclusive": 1
            },
            "y_spread": 0
        },
        {
            "type": "minecraft:random_offset",
            "xz_spread": {
                "type": "minecraft:uniform",
                "min_inclusive": -1,
                "max_inclusive": 1
            },
            "y_spread": 0
        },
        {
            "type": "minecraft:random_offset",
            "xz_spread": {
                "type": "minecraft:uniform",
                "min_inclusive": -1,
                "max_inclusive": 1
            },
            "y_spread": 0
        },
        {
            "type": "minecraft:environment_scan",
            "allowed_search_condition": {
                "type": "minecraft:true"
            },
            "direction_of_search": "down",
            "max_steps": 18,
            "target_condition": {
                "type": "minecraft:matching_blocks",
                "blocks": [
                    "minecraft:grass_block",
                    "minecraft:dirt",
                    "minecraft:stone",
                    "minecraft:sand",
                    "minecraft:red_sand",
                    "minecraft:coarse_dirt",
                    "minecraft:cobblestone",
                    "minecraft:tuff",
                    "minecraft:cobbled_deepslate"
                ]
            }
        }
    ]
}