{
    "type": "minecraft:tree",
    "config": {
        "decorators": [],
        "dirt_provider": {
            "type": "minecraft:simple_state_provider",
            "state": {
                "Name": "minecraft:dirt"
            }
        },
        "foliage_placer": {
            "type": "minecraft:acacia_foliage_placer",
            "offset": {
                "type": "minecraft:uniform",
                "min_inclusive": 0,
                "max_inclusive": 1
            },
            "radius": 1
        },
        "foliage_provider": {
            "type": "minecraft:simple_state_provider",
            "state": {
                "Name": "minecraft:dark_oak_leaves",
                "Properties": {
                    "distance": "7",
                    "persistent": "true"
                }
            }
        },
        "force_dirt": true,
        "ignore_vines": false,
        "minimum_size": {
            "type": "minecraft:two_layers_feature_size",
            "limit": 0,
            "lower_size": 0,
            "min_clipped_height": 4,
            "upper_size": 0
        },
        "sapling_provider": {
            "type": "minecraft:simple_state_provider",
            "state": {
                "Name": "minecraft:oak_sapling",
                "Properties": {
                    "stage": "0"
                }
            }
        },
        "trunk_placer": {
            "type": "minecraft:forking_trunk_placer",
            "base_height": 4,
            "height_rand_a": 1,
            "height_rand_b": 2
        },
        "trunk_provider": {
            "type": "minecraft:simple_state_provider",
            "state": {
                "Name": "minecraft:stripped_warped_stem",
                "Properties": {
                    "axis": "y"
                }
            }
        }
    }
}