{
    "type": "minecraft:simple_random_selector",
    "config": {
        "features": [
            {
                "feature": {
                    "type": "minecraft:tree",
                    "config": {
                        "decorators": [],
                        "dirt_provider": {
                            "type": "minecraft:simple_state_provider",
                            "state": {
                                "Name": "minecraft:dirt"
                            }
                        },
                        "foliage_placer": {
                            "type": "minecraft:dark_oak_foliage_placer",
                            "offset": 0,
                            "radius": {
                                "type": "minecraft:uniform",
                                "min_inclusive": 0,
                                "max_inclusive": 1
                            }
                        },
                        "foliage_provider": {
                            "type": "minecraft:simple_state_provider",
                            "state": {
                                "Name": "minecraft:red_mushroom_block",
                                "Properties": {
                                    "down": "true",
                                    "east": "true",
                                    "north": "true",
                                    "south": "true",
                                    "up": "true",
                                    "west": "true"
                                }
                            }
                        },
                        "force_dirt": true,
                        "ignore_vines": true,
                        "minimum_size": {
                            "type": "minecraft:two_layers_feature_size",
                            "limit": 0,
                            "lower_size": 0,
                            "min_clipped_height": 0,
                            "upper_size": 0
                        },
                        "trunk_placer": {
                            "type": "minecraft:dark_oak_trunk_placer",
                            "base_height": 6,
                            "height_rand_a": 7,
                            "height_rand_b": 13
                        },
                        "trunk_provider": {
                            "type": "minecraft:simple_state_provider",
                            "state": {
                                "Name": "minecraft:mushroom_stem",
                                "Properties": {
                                    "down": "true",
                                    "east": "true",
                                    "north": "true",
                                    "south": "true",
                                    "up": "true",
                                    "west": "true"
                                }
                            }
                        }
                    }
                },
                "placement": []
            }
        ]
    }
}