{
    "pools": [
        {
            "entries": [
                {
                    "type": "minecraft:loot_table",
                    "value": "terralith:village/fortified/smith/novice",
                    "weight": 19
                },
                {
                    "type": "minecraft:loot_table",
                    "value": "terralith:village/fortified/smith/expert",
                    "weight": 1
                }
            ],
            "rolls": 1
        }
    ]
}