{
    "type": "minecraft:vegetation_patch",
    "config": {
        "depth": {
            "type": "minecraft:uniform",
            "min_inclusive": 1,
            "max_inclusive": 1
        },
        "extra_bottom_block_chance": 0.1,
        "extra_edge_column_chance": 0.5,
        "ground_state": {
            "type": "minecraft:dual_noise_provider",
            "noise": {
                "amplitudes": [
                    0.001,
                    0.002,
                    0.003,
                    0.01
                ],
                "firstOctave": -3
            },
            "scale": 1,
            "seed": 99,
            "slow_noise": {
                "amplitudes": [
                    1,
                    1,
                    1
                ],
                "firstOctave": -7
            },
            "slow_scale": 1,
            "states": [
                {
                    "Name": "minecraft:grass_block",
                    "Properties": {
                        "snowy": "false"
                    }
                },
                {
                    "Name": "minecraft:grass_block",
                    "Properties": {
                        "snowy": "false"
                    }
                },
                {
                    "Name": "minecraft:grass_block",
                    "Properties": {
                        "snowy": "false"
                    }
                },
                {
                    "Name": "minecraft:grass_block",
                    "Properties": {
                        "snowy": "false"
                    }
                },
                {
                    "Name": "minecraft:grass_block",
                    "Properties": {
                        "snowy": "false"
                    }
                },
                {
                    "Name": "minecraft:grass_block",
                    "Properties": {
                        "snowy": "false"
                    }
                },
                {
                    "Name": "minecraft:grass_block",
                    "Properties": {
                        "snowy": "false"
                    }
                },
                {
                    "Name": "minecraft:grass_block",
                    "Properties": {
                        "snowy": "false"
                    }
                },
                {
                    "Name": "minecraft:coarse_dirt"
                },
                {
                    "Name": "minecraft:coarse_dirt"
                },
                {
                    "Name": "minecraft:white_terracotta"
                },
                {
                    "Name": "minecraft:brown_terracotta"
                },
                {
                    "Name": "minecraft:black_terracotta"
                },
                {
                    "Name": "minecraft:coarse_dirt"
                },
                {
                    "Name": "minecraft:coarse_dirt"
                },
                {
                    "Name": "minecraft:grass_block",
                    "Properties": {
                        "snowy": "false"
                    }
                },
                {
                    "Name": "minecraft:grass_block",
                    "Properties": {
                        "snowy": "false"
                    }
                },
                {
                    "Name": "minecraft:grass_block",
                    "Properties": {
                        "snowy": "false"
                    }
                },
                {
                    "Name": "minecraft:grass_block",
                    "Properties": {
                        "snowy": "false"
                    }
                },
                {
                    "Name": "minecraft:grass_block",
                    "Properties": {
                        "snowy": "false"
                    }
                },
                {
                    "Name": "minecraft:grass_block",
                    "Properties": {
                        "snowy": "false"
                    }
                },
                {
                    "Name": "minecraft:grass_block",
                    "Properties": {
                        "snowy": "false"
                    }
                },
                {
                    "Name": "minecraft:grass_block",
                    "Properties": {
                        "snowy": "false"
                    }
                }
            ],
            "variety": {
                "min_inclusive": 1,
                "max_inclusive": 25
            }
        },
        "replaceable": "#terralith:savanna_terracotta",
        "surface": "floor",
        "vegetation_chance": 0,
        "vegetation_feature": "terralith:nothing",
        "vertical_range": 2,
        "xz_radius": {
            "type": "minecraft:uniform",
            "min_inclusive": 0,
            "max_inclusive": 4
        }
    }
}