{
    "type": "minecraft:canyon",
    "config": {
        "probability": 0.003,
        "y": {
            "type": "minecraft:uniform",
            "min_inclusive": {
                "absolute": -20
            },
            "max_inclusive": {
                "absolute": 70
            }
        },
        "yScale": {
            "type": "minecraft:clamped_normal",
            "min": 2.5,
            "max": 13.5,
            "mean": 3.5,
            "deviation": 2.5
        },
        "lava_level": {
            "above_bottom": 8
        },
        "replaceable": "#minecraft:overworld_carver_replaceables",
        "vertical_rotation": {
            "type": "minecraft:uniform",
            "min_inclusive": -0.2,
            "max_exclusive": 0.2
        },
        "shape": {
            "distance_factor": {
                "type": "minecraft:uniform",
                "min_inclusive": 0.75,
                "max_exclusive": 1.25
            },
            "thickness": {
                "type": "minecraft:trapezoid",
                "min": 0,
                "max": 8,
                "plateau": 2
            },
            "width_smoothness": 2,
            "horizontal_radius_factor": {
                "type": "minecraft:uniform",
                "min_inclusive": 0.75,
                "max_exclusive": 1
            },
            "vertical_radius_default_factor": 1,
            "vertical_radius_center_factor": 0
        }
    }
}