{
    "type": "minecraft:simple_random_selector",
    "config": {
        "features": [
            {
                "feature": {
                    "type": "minecraft:block_column",
                    "config": {
                        "allowed_placement": {
                            "type": "minecraft:all_of",
                            "predicates": [
                                {
                                    "type": "minecraft:replaceable"
                                },
                                {
                                    "type": "minecraft:matching_blocks",
                                    "blocks": [
                                        "minecraft:grass_block",
                                        "minecraft:stone",
                                        "minecraft:gravel"
                                    ],
                                    "offset": [
                                        0,
                                        -1,
                                        0
                                    ]
                                }
                            ]
                        },
                        "direction": "north",
                        "layers": [
                            {
                                "height": {
                                    "type": "minecraft:uniform",
                                    "min_inclusive": 4,
                                    "max_inclusive": 8
                                },
                                "provider": {
                                    "type": "minecraft:simple_state_provider",
                                    "state": {
                                        "Name": "minecraft:birch_log",
                                        "Properties": {
                                            "axis": "z"
                                        }
                                    }
                                }
                            }
                        ],
                        "prioritize_tip": true
                    }
                },
                "placement": [
                    {
                        "type": "minecraft:block_predicate_filter",
                        "predicate": {
                            "type": "minecraft:matching_blocks",
                            "blocks": [
                                "minecraft:grass_block",
                                "minecraft:stone",
                                "minecraft:gravel"
                            ],
                            "offset": [
                                0,
                                -1,
                                -4
                            ]
                        }
                    }
                ]
            },
            {
                "feature": {
                    "type": "minecraft:block_column",
                    "config": {
                        "allowed_placement": {
                            "type": "minecraft:all_of",
                            "predicates": [
                                {
                                    "type": "minecraft:replaceable"
                                },
                                {
                                    "type": "minecraft:matching_blocks",
                                    "blocks": [
                                        "minecraft:grass_block",
                                        "minecraft:stone",
                                        "minecraft:gravel"
                                    ],
                                    "offset": [
                                        0,
                                        -1,
                                        0
                                    ]
                                }
                            ]
                        },
                        "direction": "south",
                        "layers": [
                            {
                                "height": {
                                    "type": "minecraft:uniform",
                                    "min_inclusive": 4,
                                    "max_inclusive": 8
                                },
                                "provider": {
                                    "type": "minecraft:simple_state_provider",
                                    "state": {
                                        "Name": "minecraft:birch_log",
                                        "Properties": {
                                            "axis": "z"
                                        }
                                    }
                                }
                            }
                        ],
                        "prioritize_tip": true
                    }
                },
                "placement": [
                    {
                        "type": "minecraft:block_predicate_filter",
                        "predicate": {
                            "type": "minecraft:matching_blocks",
                            "blocks": [
                                "minecraft:grass_block",
                                "minecraft:stone",
                                "minecraft:gravel"
                            ],
                            "offset": [
                                0,
                                -1,
                                4
                            ]
                        }
                    }
                ]
            },
            {
                "feature": {
                    "type": "minecraft:block_column",
                    "config": {
                        "allowed_placement": {
                            "type": "minecraft:all_of",
                            "predicates": [
                                {
                                    "type": "minecraft:replaceable"
                                },
                                {
                                    "type": "minecraft:matching_blocks",
                                    "blocks": [
                                        "minecraft:grass_block",
                                        "minecraft:stone",
                                        "minecraft:gravel"
                                    ],
                                    "offset": [
                                        0,
                                        -1,
                                        0
                                    ]
                                }
                            ]
                        },
                        "direction": "east",
                        "layers": [
                            {
                                "height": {
                                    "type": "minecraft:uniform",
                                    "min_inclusive": 4,
                                    "max_inclusive": 8
                                },
                                "provider": {
                                    "type": "minecraft:simple_state_provider",
                                    "state": {
                                        "Name": "minecraft:birch_log",
                                        "Properties": {
                                            "axis": "x"
                                        }
                                    }
                                }
                            }
                        ],
                        "prioritize_tip": true
                    }
                },
                "placement": [
                    {
                        "type": "minecraft:block_predicate_filter",
                        "predicate": {
                            "type": "minecraft:matching_blocks",
                            "blocks": [
                                "minecraft:grass_block",
                                "minecraft:stone",
                                "minecraft:gravel"
                            ],
                            "offset": [
                                4,
                                -1,
                                0
                            ]
                        }
                    }
                ]
            },
            {
                "feature": {
                    "type": "minecraft:block_column",
                    "config": {
                        "allowed_placement": {
                            "type": "minecraft:all_of",
                            "predicates": [
                                {
                                    "type": "minecraft:replaceable"
                                },
                                {
                                    "type": "minecraft:matching_blocks",
                                    "blocks": [
                                        "minecraft:grass_block",
                                        "minecraft:stone",
                                        "minecraft:gravel"
                                    ],
                                    "offset": [
                                        0,
                                        -1,
                                        0
                                    ]
                                }
                            ]
                        },
                        "direction": "west",
                        "layers": [
                            {
                                "height": {
                                    "type": "minecraft:uniform",
                                    "min_inclusive": 4,
                                    "max_inclusive": 8
                                },
                                "provider": {
                                    "type": "minecraft:simple_state_provider",
                                    "state": {
                                        "Name": "minecraft:birch_log",
                                        "Properties": {
                                            "axis": "x"
                                        }
                                    }
                                }
                            }
                        ],
                        "prioritize_tip": true
                    }
                },
                "placement": [
                    {
                        "type": "minecraft:block_predicate_filter",
                        "predicate": {
                            "type": "minecraft:matching_blocks",
                            "blocks": [
                                "minecraft:grass_block",
                                "minecraft:stone",
                                "minecraft:gravel"
                            ],
                            "offset": [
                                -4,
                                -1,
                                0
                            ]
                        }
                    }
                ]
            }
        ]
    }
}