{
    "type": "minecraft:tree",
    "config": {
        "decorators": [
            {
                "type": "minecraft:leave_vine",
                "probability": 0.25
            }
        ],
        "dirt_provider": {
            "type": "minecraft:simple_state_provider",
            "state": {
                "Name": "minecraft:rooted_dirt"
            }
        },
        "foliage_placer": {
            "type": "minecraft:random_spread_foliage_placer",
            "foliage_height": 3,
            "leaf_placement_attempts": 55,
            "offset": 0,
            "radius": 3
        },
        "foliage_provider": {
            "type": "minecraft:weighted_state_provider",
            "entries": [
                {
                    "data": {
                        "Name": "minecraft:azalea_leaves",
                        "Properties": {
                            "distance": "7",
                            "persistent": "false",
                            "waterlogged": "false"
                        }
                    },
                    "weight": 3
                },
                {
                    "data": {
                        "Name": "minecraft:flowering_azalea_leaves",
                        "Properties": {
                            "distance": "7",
                            "persistent": "false",
                            "waterlogged": "false"
                        }
                    },
                    "weight": 1
                }
            ]
        },
        "force_dirt": true,
        "ignore_vines": false,
        "minimum_size": {
            "type": "minecraft:two_layers_feature_size",
            "limit": 1,
            "lower_size": 0,
            "upper_size": 1
        },
        "sapling_provider": {
            "type": "minecraft:simple_state_provider",
            "state": {
                "Name": "minecraft:dead_bush"
            }
        },
        "trunk_placer": {
            "type": "minecraft:bending_trunk_placer",
            "base_height": 6,
            "bend_length": {
                "type": "minecraft:uniform",
                "min_inclusive": 3,
                "max_inclusive": 6
            },
            "height_rand_a": 9,
            "height_rand_b": 7,
            "min_height_for_leaves": 14
        },
        "trunk_provider": {
            "type": "minecraft:simple_state_provider",
            "state": {
                "Name": "minecraft:jungle_log",
                "Properties": {
                    "axis": "y"
                }
            }
        }
    }
}