{
    "type": "minecraft:tree",
    "config": {
        "decorators": [],
        "dirt_provider": {
            "type": "minecraft:simple_state_provider",
            "state": {
                "Name": "minecraft:dirt"
            }
        },
        "foliage_placer": {
            "type": "minecraft:mega_pine_foliage_placer",
            "crown_height": {
                "type": "minecraft:uniform",
                "min_inclusive": 22,
                "max_inclusive": 24
            },
            "offset": {
                "type": "minecraft:uniform",
                "min_inclusive": 2,
                "max_inclusive": 3
            },
            "radius": 1
        },
        "foliage_provider": {
            "type": "minecraft:simple_state_provider",
            "state": {
                "Name": "minecraft:dark_oak_leaves",
                "Properties": {
                    "distance": "7",
                    "persistent": "false",
                    "waterlogged": "false"
                }
            }
        },
        "force_dirt": true,
        "ignore_vines": false,
        "minimum_size": {
            "type": "minecraft:two_layers_feature_size",
            "limit": 1,
            "lower_size": 1,
            "min_clipped_height": 0,
            "upper_size": 1
        },
        "trunk_placer": {
            "type": "minecraft:giant_trunk_placer",
            "base_height": 24,
            "height_rand_a": 6,
            "height_rand_b": 0
        },
        "trunk_provider": {
            "type": "minecraft:simple_state_provider",
            "state": {
                "Name": "minecraft:dark_oak_log",
                "Properties": {
                    "axis": "y"
                }
            }
        }
    }
}