{
    "type": "minecraft:waterlogged_vegetation_patch",
    "config": {
        "depth": 2,
        "extra_bottom_block_chance": 0,
        "extra_edge_column_chance": 0.5,
        "ground_state": {
            "type": "minecraft:simple_state_provider",
            "state": {
                "Name": "minecraft:grass_block",
                "Properties": {
                    "snowy": "false"
                }
            }
        },
        "replaceable": "#terralith:grass_block",
        "surface": "floor",
        "vegetation_chance": 0.875,
        "vegetation_feature": {
            "feature": {
                "type": "minecraft:block_column",
                "config": {
                    "allowed_placement": {
                        "type": "minecraft:true"
                    },
                    "direction": "up",
                    "layers": [
                        {
                            "height": 1,
                            "provider": {
                                "type": "minecraft:simple_state_provider",
                                "state": {
                                    "Name": "minecraft:farmland",
                                    "Properties": {
                                        "moisture": "7"
                                    }
                                }
                            }
                        },
                        {
                            "height": 1,
                            "provider": {
                                "type": "minecraft:weighted_state_provider",
                                "entries": [
                                    {
                                        "data": {
                                            "Name": "minecraft:wheat",
                                            "Properties": {
                                                "age": "7"
                                            }
                                        },
                                        "weight": 3
                                    },
                                    {
                                        "data": {
                                            "Name": "minecraft:wheat",
                                            "Properties": {
                                                "age": "6"
                                            }
                                        },
                                        "weight": 1
                                    }
                                ]
                            }
                        }
                    ],
                    "prioritize_tip": false
                }
            },
            "placement": []
        },
        "vertical_range": 2,
        "xz_radius": {
            "type": "minecraft:uniform",
            "min_inclusive": 1,
            "max_inclusive": 2
        }
    }
}