{
    "type": "minecraft:simple_random_selector",
    "config": {
        "features": [
            {
                "feature": {
                    "type": "minecraft:block_column",
                    "config": {
                        "allowed_placement": {
                            "type": "minecraft:replaceable"
                        },
                        "direction": "up",
                        "layers": [
                            {
                                "height": {
                                    "type": "minecraft:uniform",
                                    "min_inclusive": 1,
                                    "max_inclusive": 1
                                },
                                "provider": {
                                    "type": "minecraft:simple_state_provider",
                                    "state": {
                                        "Name": "minecraft:small_dripleaf",
                                        "Properties": {
                                            "facing": "north",
                                            "half": "lower",
                                            "waterlogged": "false"
                                        }
                                    }
                                }
                            },
                            {
                                "height": {
                                    "type": "minecraft:clamped_normal",
                                    "deviation": 1.5,
                                    "min_inclusive": 0,
                                    "max_inclusive": 6,
                                    "mean": 0
                                },
                                "provider": {
                                    "type": "minecraft:simple_state_provider",
                                    "state": {
                                        "Name": "minecraft:small_dripleaf",
                                        "Properties": {
                                            "facing": "north",
                                            "half": "lower",
                                            "waterlogged": "false"
                                        }
                                    }
                                }
                            },
                            {
                                "height": 1,
                                "provider": {
                                    "type": "minecraft:simple_state_provider",
                                    "state": {
                                        "Name": "minecraft:small_dripleaf",
                                        "Properties": {
                                            "facing": "north",
                                            "half": "upper",
                                            "waterlogged": "false"
                                        }
                                    }
                                }
                            }
                        ],
                        "prioritize_tip": false
                    }
                },
                "placement": []
            },
            {
                "feature": {
                    "type": "minecraft:block_column",
                    "config": {
                        "allowed_placement": {
                            "type": "minecraft:replaceable"
                        },
                        "direction": "up",
                        "layers": [
                            {
                                "height": {
                                    "type": "minecraft:uniform",
                                    "min_inclusive": 1,
                                    "max_inclusive": 1
                                },
                                "provider": {
                                    "type": "minecraft:simple_state_provider",
                                    "state": {
                                        "Name": "minecraft:small_dripleaf",
                                        "Properties": {
                                            "facing": "south",
                                            "half": "lower",
                                            "waterlogged": "false"
                                        }
                                    }
                                }
                            },
                            {
                                "height": {
                                    "type": "minecraft:clamped_normal",
                                    "deviation": 1.5,
                                    "min_inclusive": 0,
                                    "max_inclusive": 6,
                                    "mean": 0
                                },
                                "provider": {
                                    "type": "minecraft:simple_state_provider",
                                    "state": {
                                        "Name": "minecraft:small_dripleaf",
                                        "Properties": {
                                            "facing": "south",
                                            "half": "lower",
                                            "waterlogged": "false"
                                        }
                                    }
                                }
                            },
                            {
                                "height": 1,
                                "provider": {
                                    "type": "minecraft:simple_state_provider",
                                    "state": {
                                        "Name": "minecraft:small_dripleaf",
                                        "Properties": {
                                            "facing": "south",
                                            "half": "upper",
                                            "waterlogged": "false"
                                        }
                                    }
                                }
                            }
                        ],
                        "prioritize_tip": false
                    }
                },
                "placement": []
            },
            {
                "feature": {
                    "type": "minecraft:block_column",
                    "config": {
                        "allowed_placement": {
                            "type": "minecraft:replaceable"
                        },
                        "direction": "up",
                        "layers": [
                            {
                                "height": {
                                    "type": "minecraft:uniform",
                                    "min_inclusive": 1,
                                    "max_inclusive": 1
                                },
                                "provider": {
                                    "type": "minecraft:simple_state_provider",
                                    "state": {
                                        "Name": "minecraft:small_dripleaf",
                                        "Properties": {
                                            "facing": "east",
                                            "half": "lower",
                                            "waterlogged": "false"
                                        }
                                    }
                                }
                            },
                            {
                                "height": {
                                    "type": "minecraft:clamped_normal",
                                    "deviation": 1.5,
                                    "min_inclusive": 0,
                                    "max_inclusive": 6,
                                    "mean": 0
                                },
                                "provider": {
                                    "type": "minecraft:simple_state_provider",
                                    "state": {
                                        "Name": "minecraft:small_dripleaf",
                                        "Properties": {
                                            "facing": "east",
                                            "half": "lower",
                                            "waterlogged": "false"
                                        }
                                    }
                                }
                            },
                            {
                                "height": 1,
                                "provider": {
                                    "type": "minecraft:simple_state_provider",
                                    "state": {
                                        "Name": "minecraft:small_dripleaf",
                                        "Properties": {
                                            "facing": "east",
                                            "half": "upper",
                                            "waterlogged": "false"
                                        }
                                    }
                                }
                            }
                        ],
                        "prioritize_tip": false
                    }
                },
                "placement": []
            },
            {
                "feature": {
                    "type": "minecraft:block_column",
                    "config": {
                        "allowed_placement": {
                            "type": "minecraft:replaceable"
                        },
                        "direction": "up",
                        "layers": [
                            {
                                "height": {
                                    "type": "minecraft:uniform",
                                    "min_inclusive": 1,
                                    "max_inclusive": 1
                                },
                                "provider": {
                                    "type": "minecraft:simple_state_provider",
                                    "state": {
                                        "Name": "minecraft:small_dripleaf",
                                        "Properties": {
                                            "facing": "west",
                                            "half": "lower",
                                            "waterlogged": "false"
                                        }
                                    }
                                }
                            },
                            {
                                "height": {
                                    "type": "minecraft:clamped_normal",
                                    "deviation": 1.5,
                                    "min_inclusive": 0,
                                    "max_inclusive": 6,
                                    "mean": 0
                                },
                                "provider": {
                                    "type": "minecraft:simple_state_provider",
                                    "state": {
                                        "Name": "minecraft:small_dripleaf",
                                        "Properties": {
                                            "facing": "west",
                                            "half": "lower",
                                            "waterlogged": "false"
                                        }
                                    }
                                }
                            },
                            {
                                "height": 1,
                                "provider": {
                                    "type": "minecraft:simple_state_provider",
                                    "state": {
                                        "Name": "minecraft:small_dripleaf",
                                        "Properties": {
                                            "facing": "west",
                                            "half": "upper",
                                            "waterlogged": "false"
                                        }
                                    }
                                }
                            }
                        ],
                        "prioritize_tip": false
                    }
                },
                "placement": []
            }
        ]
    }
}