{
    "type": "minecraft:tree",
    "config": {
        "decorators": [],
        "dirt_provider": {
            "type": "minecraft:simple_state_provider",
            "state": {
                "Name": "minecraft:dirt"
            }
        },
        "foliage_placer": {
            "type": "minecraft:mega_pine_foliage_placer",
            "crown_height": {
                "type": "minecraft:clamped_normal",
                "deviation": 3,
                "min_inclusive": 14,
                "max_inclusive": 17,
                "mean": 14
            },
            "offset": {
                "type": "minecraft:uniform",
                "min_inclusive": 1,
                "max_inclusive": 3
            },
            "radius": 1
        },
        "foliage_provider": {
            "type": "minecraft:simple_state_provider",
            "state": {
                "Name": "minecraft:dark_oak_leaves",
                "Properties": {
                    "distance": "7",
                    "persistent": "false",
                    "waterlogged": "false"
                }
            }
        },
        "force_dirt": true,
        "ignore_vines": true,
        "minimum_size": {
            "type": "minecraft:two_layers_feature_size",
            "limit": 0,
            "lower_size": 1,
            "min_clipped_height": 0,
            "upper_size": 0
        },
        "trunk_placer": {
            "type": "minecraft:straight_trunk_placer",
            "base_height": 17,
            "height_rand_a": 2,
            "height_rand_b": 2
        },
        "trunk_provider": {
            "type": "minecraft:simple_state_provider",
            "state": {
                "Name": "minecraft:dark_oak_log"
            }
        }
    }
}