{
    "parent": "minecraft:recipes/root",
    "criteria": {
        "has_cobblestone": {
            "conditions": {
                "items": [
                    {
                        "items": "#minecraft:stone_crafting_materials"
                    }
                ]
            },
            "trigger": "minecraft:inventory_changed"
        },
        "has_the_recipe": {
            "conditions": {
                "recipe": "minecraft:lever"
            },
            "trigger": "minecraft:recipe_unlocked"
        }
    },
    "requirements": [
        [
            "has_the_recipe",
            "has_cobblestone"
        ]
    ],
    "rewards": {
        "recipes": [
            "minecraft:lever",
            "terralith:lever_alt"
        ]
    }
}