{
    "type": "minecraft:tree",
    "config": {
        "decorators": [
            {
                "type": "minecraft:alter_ground",
                "provider": {
                    "type": "minecraft:simple_state_provider",
                    "state": {
                        "Name": "minecraft:snow_block"
                    }
                }
            }
        ],
        "dirt_provider": {
            "type": "minecraft:simple_state_provider",
            "state": {
                "Name": "minecraft:dirt"
            }
        },
        "foliage_placer": {
            "type": "minecraft:mega_pine_foliage_placer",
            "crown_height": {
                "type": "minecraft:uniform",
                "min_inclusive": 16,
                "max_inclusive": 24
            },
            "offset": {
                "type": "minecraft:uniform",
                "min_inclusive": 2,
                "max_inclusive": 4
            },
            "radius": {
                "type": "minecraft:uniform",
                "min_inclusive": 0,
                "max_inclusive": 1
            }
        },
        "foliage_provider": {
            "type": "minecraft:simple_state_provider",
            "state": {
                "Name": "minecraft:spruce_leaves",
                "Properties": {
                    "distance": "7",
                    "persistent": "false",
                    "waterlogged": "false"
                }
            }
        },
        "force_dirt": false,
        "ignore_vines": false,
        "minimum_size": {
            "type": "minecraft:two_layers_feature_size",
            "limit": 1,
            "lower_size": 1,
            "upper_size": 2
        },
        "sapling_provider": {
            "type": "minecraft:simple_state_provider",
            "state": {
                "Name": "minecraft:oak_sapling",
                "Properties": {
                    "stage": "0"
                }
            }
        },
        "trunk_placer": {
            "type": "minecraft:giant_trunk_placer",
            "base_height": 7,
            "height_rand_a": 20,
            "height_rand_b": 24
        },
        "trunk_provider": {
            "type": "minecraft:simple_state_provider",
            "state": {
                "Name": "minecraft:spruce_log",
                "Properties": {
                    "axis": "y"
                }
            }
        }
    }
}