{
    "type": "minecraft:tree",
    "config": {
        "decorators": [],
        "dirt_provider": {
            "type": "minecraft:simple_state_provider",
            "state": {
                "Name": "minecraft:dirt"
            }
        },
        "foliage_placer": {
            "type": "minecraft:pine_foliage_placer",
            "height": 3,
            "offset": {
                "type": "minecraft:uniform",
                "min_inclusive": 0,
                "max_inclusive": 1
            },
            "radius": {
                "type": "minecraft:uniform",
                "min_inclusive": 1,
                "max_inclusive": 2
            }
        },
        "foliage_provider": {
            "type": "minecraft:weighted_state_provider",
            "entries": [
                {
                    "data": {
                        "Name": "minecraft:oak_leaves",
                        "Properties": {
                            "distance": "7",
                            "persistent": "false",
                            "waterlogged": "false"
                        }
                    },
                    "weight": 2
                },
                {
                    "data": {
                        "Name": "minecraft:air"
                    },
                    "weight": 1
                }
            ]
        },
        "ignore_vines": true,
        "minimum_size": {
            "type": "minecraft:two_layers_feature_size"
        },
        "trunk_placer": {
            "type": "minecraft:straight_trunk_placer",
            "base_height": 4,
            "height_rand_a": 7,
            "height_rand_b": 7
        },
        "trunk_provider": {
            "type": "minecraft:simple_state_provider",
            "state": {
                "Name": "minecraft:oak_log",
                "Properties": {
                    "axis": "y"
                }
            }
        }
    }
}