{
    "type": "minecraft:tree",
    "config": {
        "decorators": [],
        "dirt_provider": {
            "type": "minecraft:simple_state_provider",
            "state": {
                "Name": "minecraft:rooted_dirt"
            }
        },
        "foliage_placer": {
            "type": "minecraft:random_spread_foliage_placer",
            "foliage_height": 3,
            "leaf_placement_attempts": 85,
            "offset": 0,
            "radius": 3
        },
        "foliage_provider": {
            "type": "minecraft:simple_state_provider",
            "state": {
                "Name": "minecraft:azalea_leaves",
                "Properties": {
                    "distance": "7",
                    "persistent": "false",
                    "waterlogged": "false"
                }
            }
        },
        "force_dirt": true,
        "ignore_vines": false,
        "minimum_size": {
            "type": "minecraft:two_layers_feature_size",
            "limit": 1,
            "lower_size": 0,
            "upper_size": 1
        },
        "sapling_provider": {
            "type": "minecraft:simple_state_provider",
            "state": {
                "Name": "minecraft:azalea"
            }
        },
        "trunk_placer": {
            "type": "minecraft:bending_trunk_placer",
            "base_height": 6,
            "bend_length": {
                "type": "minecraft:uniform",
                "min_inclusive": 1,
                "max_inclusive": 3
            },
            "height_rand_a": 4,
            "height_rand_b": 0,
            "min_height_for_leaves": 30
        },
        "trunk_provider": {
            "type": "minecraft:simple_state_provider",
            "state": {
                "Name": "minecraft:acacia_log",
                "Properties": {
                    "axis": "y"
                }
            }
        }
    }
}