{
    "type": "minecraft:tree",
    "config": {
        "decorators": [],
        "dirt_provider": {
            "type": "minecraft:simple_state_provider",
            "state": {
                "Name": "minecraft:dirt"
            }
        },
        "foliage_placer": {
            "type": "minecraft:pine_foliage_placer",
            "height": 4,
            "offset": 1,
            "radius": {
                "type": "minecraft:uniform",
                "min_inclusive": 4,
                "max_inclusive": 6
            }
        },
        "foliage_provider": {
            "type": "minecraft:simple_state_provider",
            "state": {
                "Name": "minecraft:spruce_leaves",
                "Properties": {
                    "distance": "7",
                    "persistent": "false",
                    "waterlogged": "false"
                }
            }
        },
        "ignore_vines": true,
        "minimum_size": {
            "type": "minecraft:two_layers_feature_size",
            "limit": 0,
            "lower_size": 0,
            "min_clipped_height": 0,
            "upper_size": 0
        },
        "sapling_provider": {
            "type": "minecraft:simple_state_provider",
            "state": {
                "Name": "minecraft:spruce_sapling",
                "Properties": {
                    "stage": "1"
                }
            }
        },
        "trunk_placer": {
            "type": "minecraft:straight_trunk_placer",
            "base_height": 10,
            "height_rand_a": 4,
            "height_rand_b": 8
        },
        "trunk_provider": {
            "type": "minecraft:simple_state_provider",
            "state": {
                "Name": "minecraft:spruce_log",
                "Properties": {
                    "axis": "y"
                }
            }
        }
    }
}