{
    "feature": "terralith:cliffs/basalt/basalt_column_upper",
    "placement": [
        {
            "type": "minecraft:count",
            "count": 100
        },
        {
            "type": "minecraft:in_square"
        },
        {
            "type": "minecraft:random_offset",
            "xz_spread": {
                "type": "minecraft:clamped_normal",
                "deviation": 0,
                "min_inclusive": 0,
                "max_inclusive": 0,
                "mean": 0
            },
            "y_spread": 0
        },
        {
            "type": "minecraft:height_range",
            "height": {
                "type": "minecraft:uniform",
                "min_inclusive": {
                    "absolute": 180
                },
                "max_inclusive": {
                    "absolute": 180
                }
            }
        },
        {
            "type": "minecraft:environment_scan",
            "allowed_search_condition": {
                "type": "minecraft:matching_blocks",
                "blocks": [
                    "minecraft:air",
                    "minecraft:water"
                ]
            },
            "direction_of_search": "down",
            "max_steps": 32,
            "target_condition": {
                "type": "minecraft:solid"
            }
        },
        {
            "type": "minecraft:biome"
        }
    ]
}