{
    "feature": "terralith:cliffs/frozen/puddle",
    "placement": [
        {
            "type": "minecraft:count",
            "count": 20
        },
        {
            "type": "minecraft:count",
            "count": 30
        },
        {
            "type": "minecraft:in_square"
        },
        {
            "type": "minecraft:random_offset",
            "xz_spread": {
                "type": "minecraft:clamped_normal",
                "deviation": 0,
                "min_inclusive": -2,
                "max_inclusive": 2,
                "mean": 0
            },
            "y_spread": 0
        },
        {
            "type": "minecraft:height_range",
            "height": {
                "type": "minecraft:uniform",
                "min_inclusive": {
                    "absolute": 62
                },
                "max_inclusive": {
                    "absolute": 180
                }
            }
        },
        {
            "type": "minecraft:environment_scan",
            "allowed_search_condition": {
                "type": "minecraft:matching_blocks",
                "blocks": [
                    "minecraft:air"
                ]
            },
            "direction_of_search": "down",
            "max_steps": 32,
            "target_condition": {
                "type": "minecraft:solid"
            }
        },
        {
            "type": "minecraft:environment_scan",
            "direction_of_search": "down",
            "max_steps": 2,
            "target_condition": {
                "type": "minecraft:all_of",
                "predicates": [
                    {
                        "type": "minecraft:matching_blocks",
                        "blocks": [
                            "minecraft:air"
                        ],
                        "offset": [
                            0,
                            1,
                            0
                        ]
                    },
                    {
                        "type": "minecraft:matching_blocks",
                        "blocks": [
                            "minecraft:stone",
                            "minecraft:packed_ice",
                            "minecraft:blue_ice"
                        ],
                        "offset": [
                            0,
                            0,
                            0
                        ]
                    },
                    {
                        "type": "minecraft:matching_blocks",
                        "blocks": [
                            "minecraft:stone",
                            "minecraft:packed_ice",
                            "minecraft:blue_ice",
                            "minecraft:water"
                        ],
                        "offset": [
                            1,
                            0,
                            0
                        ]
                    },
                    {
                        "type": "minecraft:matching_blocks",
                        "blocks": [
                            "minecraft:stone",
                            "minecraft:packed_ice",
                            "minecraft:blue_ice",
                            "minecraft:water"
                        ],
                        "offset": [
                            -1,
                            0,
                            0
                        ]
                    },
                    {
                        "type": "minecraft:matching_blocks",
                        "blocks": [
                            "minecraft:stone",
                            "minecraft:packed_ice",
                            "minecraft:blue_ice",
                            "minecraft:water"
                        ],
                        "offset": [
                            0,
                            0,
                            1
                        ]
                    },
                    {
                        "type": "minecraft:matching_blocks",
                        "blocks": [
                            "minecraft:stone",
                            "minecraft:packed_ice",
                            "minecraft:blue_ice",
                            "minecraft:water"
                        ],
                        "offset": [
                            0,
                            0,
                            -1
                        ]
                    },
                    {
                        "type": "minecraft:any_of",
                        "predicates": [
                            {
                                "type": "minecraft:any_of",
                                "predicates": [
                                    {
                                        "type": "minecraft:matching_blocks",
                                        "blocks": [
                                            "minecraft:ice"
                                        ],
                                        "offset": [
                                            0,
                                            2,
                                            0
                                        ]
                                    },
                                    {
                                        "type": "minecraft:matching_blocks",
                                        "blocks": [
                                            "minecraft:ice"
                                        ],
                                        "offset": [
                                            0,
                                            3,
                                            0
                                        ]
                                    },
                                    {
                                        "type": "minecraft:matching_blocks",
                                        "blocks": [
                                            "minecraft:ice"
                                        ],
                                        "offset": [
                                            0,
                                            4,
                                            0
                                        ]
                                    },
                                    {
                                        "type": "minecraft:matching_blocks",
                                        "blocks": [
                                            "minecraft:ice"
                                        ],
                                        "offset": [
                                            0,
                                            5,
                                            0
                                        ]
                                    },
                                    {
                                        "type": "minecraft:matching_blocks",
                                        "blocks": [
                                            "minecraft:ice"
                                        ],
                                        "offset": [
                                            0,
                                            6,
                                            0
                                        ]
                                    },
                                    {
                                        "type": "minecraft:matching_blocks",
                                        "blocks": [
                                            "minecraft:ice"
                                        ],
                                        "offset": [
                                            0,
                                            7,
                                            0
                                        ]
                                    },
                                    {
                                        "type": "minecraft:matching_blocks",
                                        "blocks": [
                                            "minecraft:ice"
                                        ],
                                        "offset": [
                                            0,
                                            8,
                                            0
                                        ]
                                    },
                                    {
                                        "type": "minecraft:matching_blocks",
                                        "blocks": [
                                            "minecraft:ice"
                                        ],
                                        "offset": [
                                            0,
                                            9,
                                            0
                                        ]
                                    }
                                ]
                            },
                            {
                                "type": "minecraft:any_of",
                                "predicates": [
                                    {
                                        "type": "minecraft:matching_blocks",
                                        "blocks": [
                                            "minecraft:water"
                                        ],
                                        "offset": [
                                            1,
                                            0,
                                            0
                                        ]
                                    },
                                    {
                                        "type": "minecraft:matching_blocks",
                                        "blocks": [
                                            "minecraft:water"
                                        ],
                                        "offset": [
                                            -1,
                                            0,
                                            0
                                        ]
                                    },
                                    {
                                        "type": "minecraft:matching_blocks",
                                        "blocks": [
                                            "minecraft:water"
                                        ],
                                        "offset": [
                                            0,
                                            0,
                                            1
                                        ]
                                    },
                                    {
                                        "type": "minecraft:matching_blocks",
                                        "blocks": [
                                            "minecraft:water"
                                        ],
                                        "offset": [
                                            0,
                                            0,
                                            -1
                                        ]
                                    }
                                ]
                            }
                        ]
                    }
                ]
            }
        },
        {
            "type": "minecraft:biome"
        }
    ]
}