{
    "type": "minecraft:tree",
    "config": {
        "decorators": [],
        "dirt_provider": {
            "type": "minecraft:simple_state_provider",
            "state": {
                "Name": "minecraft:dirt"
            }
        },
        "foliage_placer": {
            "type": "minecraft:pine_foliage_placer",
            "height": 1,
            "offset": 0,
            "radius": {
                "type": "minecraft:uniform",
                "min_inclusive": 1,
                "max_inclusive": 1
            }
        },
        "foliage_provider": {
            "type": "minecraft:simple_state_provider",
            "state": {
                "Name": "minecraft:oak_leaves",
                "Properties": {
                    "distance": "7",
                    "persistent": "false",
                    "waterlogged": "false"
                }
            }
        },
        "force_dirt": false,
        "ignore_vines": false,
        "minimum_size": {
            "type": "minecraft:two_layers_feature_size",
            "limit": 0,
            "lower_size": 0,
            "upper_size": 0
        },
        "trunk_placer": {
            "type": "minecraft:straight_trunk_placer",
            "base_height": 1,
            "height_rand_a": 0,
            "height_rand_b": 0
        },
        "trunk_provider": {
            "type": "minecraft:simple_state_provider",
            "state": {
                "Name": "minecraft:oak_log",
                "Properties": {
                    "axis": "y"
                }
            }
        }
    }
}