{
    "type": "minecraft:vegetation_patch",
    "config": {
        "surface": "floor",
        "depth": {
            "type": "minecraft:biased_to_bottom",
            "min_inclusive": 2,
            "max_inclusive": 4
        },
        "vertical_range": 3,
        "extra_bottom_block_chance": 0.01,
        "extra_edge_column_chance": 0.5,
        "vegetation_chance": 0.08,
        "xz_radius": 5,
        "replaceable": "#minecraft:lush_ground_replaceable",
        "ground_state": {
            "type": "minecraft:noise_threshold_provider",
            "seed": 12345,
            "noise": {
                "firstOctave": -2,
                "amplitudes": [
                    1.5
                ]
            },
            "scale": 2,
            "threshold": 0.3,
            "high_chance": 0.2,
            "default_state": {
                "Name": "minecraft:coarse_dirt"
            },
            "low_states": [
                {
                    "Name": "minecraft:moss_block"
                }
            ],
            "high_states": [
                {
                    "Name": "minecraft:rooted_dirt"
                }
            ]
        },
        "vegetation_feature": {
            "feature": {
                "type": "minecraft:random_selector",
                "config": {
                    "features": [
                        {
                            "chance": 0.75,
                            "feature": {
                                "feature": "terralith:cave/fungal/vegetation",
                                "placement": []
                            }
                        }
                    ],
                    "default": {
                        "feature": "terralith:cave/fungal/mushrooms",
                        "placement": []
                    }
                }
            },
            "placement": []
        }
    }
}