{
    "type": "minecraft:tree",
    "config": {
        "decorators": [],
        "dirt_provider": {
            "type": "minecraft:simple_state_provider",
            "state": {
                "Name": "minecraft:dirt"
            }
        },
        "foliage_placer": {
            "type": "minecraft:spruce_foliage_placer",
            "offset": {
                "type": "minecraft:uniform",
                "min_inclusive": 0,
                "max_inclusive": 2
            },
            "radius": {
                "type": "minecraft:uniform",
                "min_inclusive": 2,
                "max_inclusive": 3
            },
            "trunk_height": {
                "type": "minecraft:uniform",
                "min_inclusive": 4,
                "max_inclusive": 5
            }
        },
        "foliage_provider": {
            "type": "minecraft:simple_state_provider",
            "state": {
                "Name": "minecraft:dark_oak_leaves",
                "Properties": {
                    "distance": "7",
                    "persistent": "false",
                    "waterlogged": "false"
                }
            }
        },
        "force_dirt": false,
        "ignore_vines": true,
        "minimum_size": {
            "type": "minecraft:two_layers_feature_size",
            "limit": 2,
            "lower_size": 0,
            "upper_size": 2
        },
        "sapling_provider": {
            "type": "minecraft:simple_state_provider",
            "state": {
                "Name": "minecraft:oak_sapling",
                "Properties": {
                    "stage": "0"
                }
            }
        },
        "trunk_placer": {
            "type": "minecraft:straight_trunk_placer",
            "base_height": 15,
            "height_rand_a": 4,
            "height_rand_b": 5
        },
        "trunk_provider": {
            "type": "minecraft:simple_state_provider",
            "state": {
                "Name": "minecraft:dark_oak_log",
                "Properties": {
                    "axis": "y"
                }
            }
        }
    }
}