{
    "feature": {
        "type": "minecraft:dripstone_cluster",
        "config": {
            "chance_of_dripstone_column_at_max_distance_from_center": 0.4,
            "density": {
                "type": "minecraft:uniform",
                "min_inclusive": 0.4,
                "max_exclusive": 1
            },
            "dripstone_block_layer_thickness": {
                "type": "minecraft:uniform",
                "min_inclusive": 0,
                "max_inclusive": 0
            },
            "floor_to_ceiling_search_range": 40,
            "height": {
                "type": "minecraft:biased_to_bottom",
                "min_inclusive": 1,
                "max_inclusive": 3
            },
            "height_deviation": 1,
            "max_distance_from_center_affecting_height_bias": 2,
            "max_distance_from_edge_affecting_chance_of_dripstone_column": 2,
            "max_stalagmite_stalactite_height_diff": 2,
            "radius": {
                "type": "minecraft:biased_to_bottom",
                "min_inclusive": 1,
                "max_inclusive": 2
            },
            "wetness": 0
        }
    },
    "placement": [
        {
            "type": "minecraft:count_on_every_layer",
            "count": 30
        },
        {
            "type": "minecraft:environment_scan",
            "direction_of_search": "up",
            "max_steps": 32,
            "target_condition": {
                "type": "minecraft:all_of",
                "predicates": [
                    {
                        "type": "minecraft:matching_blocks",
                        "blocks": [
                            "minecraft:air"
                        ],
                        "offset": [
                            0,
                            -1,
                            0
                        ]
                    },
                    {
                        "type": "minecraft:matching_blocks",
                        "blocks": [
                            "minecraft:air"
                        ],
                        "offset": [
                            0,
                            0,
                            0
                        ]
                    },
                    {
                        "type": "minecraft:matching_blocks",
                        "blocks": [
                            "minecraft:dripstone_block"
                        ],
                        "offset": [
                            0,
                            1,
                            0
                        ]
                    }
                ]
            }
        },
        {
            "type": "minecraft:in_square"
        },
        {
            "type": "minecraft:biome"
        }
    ]
}