{
    "type": "minecraft:vegetation_patch",
    "config": {
        "depth": 1,
        "extra_bottom_block_chance": 0,
        "extra_edge_column_chance": 0.4,
        "ground_state": {
            "type": "minecraft:simple_state_provider",
            "state": {
                "Name": "minecraft:grass_block",
                "Properties": {
                    "snowy": "false"
                }
            }
        },
        "replaceable": "#terralith:stone",
        "surface": "floor",
        "vegetation_chance": 0.3,
        "vegetation_feature": {
            "feature": "terralith:yosemite/cliff_vegetation",
            "placement": []
        },
        "vertical_range": 8,
        "xz_radius": {
            "type": "minecraft:uniform",
            "min_inclusive": 1,
            "max_inclusive": 5
        }
    }
}