{
    "type": "minecraft:vegetation_patch",
    "config": {
        "depth": 2,
        "extra_bottom_block_chance": 0,
        "extra_edge_column_chance": 0.5,
        "ground_state": {
            "type": "minecraft:simple_state_provider",
            "state": {
                "Name": "minecraft:air",
                "Properties": {}
            }
        },
        "replaceable": "#terralith:calcite",
        "surface": "floor",
        "vegetation_chance": 1,
        "vegetation_feature": {
            "feature": {
                "type": "minecraft:tree",
                "config": {
                    "decorators": [],
                    "dirt_provider": {
                        "type": "minecraft:simple_state_provider",
                        "state": {
                            "Name": "minecraft:calcite"
                        }
                    },
                    "foliage_placer": {
                        "type": "minecraft:blob_foliage_placer",
                        "height": 0,
                        "offset": 0,
                        "radius": 0
                    },
                    "foliage_provider": {
                        "type": "minecraft:simple_state_provider",
                        "state": {
                            "Name": "minecraft:air"
                        }
                    },
                    "force_dirt": false,
                    "ignore_vines": true,
                    "minimum_size": {
                        "type": "minecraft:two_layers_feature_size"
                    },
                    "sapling_provider": {
                        "type": "minecraft:simple_state_provider",
                        "state": {
                            "Name": "minecraft:stone"
                        }
                    },
                    "trunk_placer": {
                        "type": "minecraft:straight_trunk_placer",
                        "base_height": 2,
                        "height_rand_a": 0,
                        "height_rand_b": 0
                    },
                    "trunk_provider": {
                        "type": "minecraft:simple_state_provider",
                        "state": {
                            "Name": "minecraft:water",
                            "Properties": {
                                "level": "0"
                            }
                        }
                    }
                }
            },
            "placement": []
        },
        "vertical_range": 3,
        "xz_radius": {
            "type": "minecraft:uniform",
            "min_inclusive": 2,
            "max_inclusive": 8
        }
    }
}